{
  "epoch": [
    1,
    2,
    3,
    4,
    5,
    6,
    7,
    8,
    9,
    10
  ],
  "train": {
    "auroc": [
      0.49530288577079773,
      0.5188239216804504,
      0.5289175510406494,
      0.5269315242767334,
      0.5317457318305969,
      0.5801814794540405,
      0.5985774993896484,
      0.5734972357749939,
      0.5970664620399475,
      0.6228238344192505
    ],
    "auprc": [
      0.49952343106269836,
      0.5230623483657837,
      0.5323117971420288,
      0.5327929258346558,
      0.5600718259811401,
      0.6057949066162109,
      0.613612949848175,
      0.5731585621833801,
      0.6077690124511719,
      0.6357506513595581
    ],
    "f1": [
      0.4966403841972351,
      0.4665192663669586,
      0.5153868198394775,
      0.5261105895042419,
      0.5156695246696472,
      0.5842810273170471,
      0.599285900592804,
      0.562910258769989,
      0.5157403349876404,
      0.6021251678466797
    ],
    "acc": [
      0.4995643198490143,
      0.5094394683837891,
      0.5106012225151062,
      0.5058088898658752,
      0.5062445402145386,
      0.5222190022468567,
      0.576241672039032,
      0.5358698964118958,
      0.5331106781959534,
      0.5595411062240601
    ]
  },
  "val": {
    "auroc": [
      0.9376372694969177,
      0.9376372694969177,
      0.9388600587844849,
      0.9388600587844849,
      0.9388600587844849,
      0.9388600587844849,
      0.9376372694969177,
      0.9376372694969177,
      0.9376372694969177,
      0.9388600587844849
    ],
    "auprc": [
      0.9088756442070007,
      0.9088756442070007,
      0.9352998733520508,
      0.9352998733520508,
      0.9352998733520508,
      0.9352998733520508,
      0.9088756442070007,
      0.9088756442070007,
      0.9088756442070007,
      0.9352998733520508
    ],
    "f1": [
      0.01621621660888195,
      0.6615244746208191,
      0.660592257976532,
      0.008196720853447914,
      0.01899592950940132,
      0.660592257976532,
      0.21549636125564575,
      0.021563341841101646,
      0.6615244746208191,
      0.027027027681469917
    ],
    "acc": [
      0.5064406991004944,
      0.4942372739315033,
      0.494915246963501,
      0.507796585559845,
      0.5098305344581604,
      0.494915246963501,
      0.5606779456138611,
      0.507796585559845,
      0.4942372739315033,
      0.511864423751831
    ]
  }
}